player,round_1_slot,round_2_slot,round_3_slot,round_4_slot,distinct_slots,repeat_appearances,max_same_slot_appearances,hogging_index,average_minutes_after_1000,four_player_rounds
1,5,5,5,1,2,2,3,0.75,21.0,3
2,5,4,2,3,4,0,1,0.25,17.5,3
3,5,3,3,2,3,1,2,0.5,15.75,3
4,5,2,4,4,3,1,2,0.5,19.25,3
5,4,5,1,2,4,0,1,0.25,14.0,2
6,4,4,3,1,3,1,2,0.5,14.0,3
7,4,3,2,5,4,0,1,0.25,17.5,3
8,4,1,5,3,4,0,1,0.25,15.75,3
9,3,5,2,4,4,0,1,0.25,17.5,3
10,3,4,5,2,4,0,1,0.25,17.5,3
11,3,2,1,3,3,1,2,0.5,8.75,2
12,3,1,4,5,4,0,1,0.25,15.75,3
13,2,4,1,5,4,0,1,0.25,14.0,2
14,2,3,4,1,4,0,1,0.25,10.5,2
15,2,1,3,4,4,0,1,0.25,10.5,2
16,1,5,4,3,4,0,1,0.25,15.75,3
17,1,3,5,4,4,0,1,0.25,15.75,3
18,1,2,3,5,4,0,1,0.25,12.25,2
