schedule,player,round_1_slot,round_2_slot,round_3_slot,round_4_slot,distinct_slots,repeat_appearances,max_same_slot_appearances,average_minutes_after_1000
original,1,4,1,3,2,4,0,1,10.5
original,2,4,3,2,1,4,0,1,10.5
original,3,4,2,1,3,4,0,1,10.5
original,4,4,4,4,4,1,3,4,21.0
original,5,3,3,3,3,1,3,4,14.0
original,6,3,4,1,2,4,0,1,10.5
original,7,3,1,2,4,4,0,1,10.5
original,8,3,2,4,1,4,0,1,10.5
original,9,2,4,3,1,4,0,1,10.5
original,10,2,3,1,4,4,0,1,10.5
original,11,2,1,4,3,4,0,1,10.5
original,12,2,2,2,2,1,3,4,7.0
original,13,1,4,2,3,4,0,1,10.5
original,14,1,2,3,4,4,0,1,10.5
original,15,1,1,1,1,1,3,4,0.0
original,16,1,3,4,2,4,0,1,10.5
fair,1,4,4,3,2,3,1,2,15.75
fair,2,4,3,2,3,3,1,2,14.0
fair,3,4,2,1,1,3,1,2,7.0
fair,4,4,1,4,4,2,2,3,15.75
fair,5,3,4,2,1,4,0,1,10.5
fair,6,3,3,3,4,2,2,3,15.75
fair,7,3,1,1,3,2,2,2,7.0
fair,8,3,2,4,2,3,1,2,12.25
fair,9,2,4,1,4,3,1,2,12.25
fair,10,2,3,4,1,4,0,1,10.5
fair,11,2,2,3,3,2,2,2,10.5
fair,12,2,1,2,2,2,2,3,5.25
fair,13,1,4,4,3,3,1,2,14.0
fair,14,1,2,2,4,3,1,2,8.75
fair,15,1,1,3,1,2,2,3,3.5
fair,16,1,3,1,2,3,1,2,5.25
