mode,player,round_1_slot,round_2_slot,round_3_slot,round_4_slot,distinct_slots,repeat_appearances,max_same_slot_appearances,average_minutes_after_1000,four_player_rounds
total,1,5,5,5,1,2,2,3,21.0,3
total,2,5,4,4,2,3,1,2,19.25,3
total,3,5,3,2,4,4,0,1,17.5,3
total,4,5,2,3,3,3,1,2,15.75,3
total,5,4,5,2,3,4,0,1,17.5,3
total,6,4,3,5,2,4,0,1,17.5,3
total,7,4,2,1,4,3,1,2,12.25,2
total,8,4,1,3,5,4,0,1,15.75,3
total,9,3,5,1,2,4,0,1,12.25,2
total,10,3,3,4,1,3,1,2,12.25,3
total,11,3,1,5,4,4,0,1,15.75,3
total,12,3,4,2,5,4,0,1,17.5,3
total,13,2,4,3,1,4,0,1,10.5,2
total,14,2,3,1,5,4,0,1,12.25,2
total,15,2,1,4,3,4,0,1,10.5,2
total,16,1,4,5,3,4,0,1,15.75,3
total,17,1,5,3,4,4,0,1,15.75,3
total,18,1,2,4,5,4,0,1,14.0,2
fair,1,5,5,2,3,3,1,2,19.25,3
fair,2,5,4,3,2,4,0,1,17.5,3
fair,3,5,3,4,1,4,0,1,15.75,3
fair,4,5,2,5,4,3,1,2,21.0,3
fair,5,4,5,3,1,4,0,1,15.75,3
fair,6,4,4,2,5,3,1,2,19.25,3
fair,7,4,3,5,2,4,0,1,17.5,3
fair,8,4,2,1,3,4,0,1,10.5,2
fair,9,3,5,1,2,4,0,1,12.25,2
fair,10,3,4,5,1,4,0,1,15.75,3
fair,11,3,3,2,4,3,1,2,14.0,3
fair,12,3,1,4,5,4,0,1,15.75,3
fair,13,2,4,4,3,3,1,2,15.75,3
fair,14,2,3,1,5,4,0,1,12.25,2
fair,15,2,1,3,4,4,0,1,10.5,2
fair,16,1,5,4,4,3,1,2,17.5,3
fair,17,1,1,5,3,3,1,2,10.5,2
fair,18,1,2,3,5,4,0,1,12.25,2
