Player,Round 1,Round 2,Round 3,Round 4,Distinct slots,Repeats,Earliest starts,Latest starts,Most in one slot
1,10:28,10:00,10:07,10:28,3,1,1,2,2
2,10:28,10:07,10:21,10:14,4,0,0,1,1
3,10:28,10:21,10:14,10:07,4,0,0,1,1
4,10:28,10:14,10:00,10:21,4,0,1,1,1
5,10:21,10:00,10:28,10:07,4,0,1,1,1
6,10:21,10:14,10:07,10:00,4,0,1,0,1
7,10:21,10:07,10:14,10:28,4,0,0,1,1
8,10:21,10:28,10:00,10:14,4,0,1,1,1
9,10:14,10:07,10:28,10:00,4,0,1,1,1
10,10:14,10:28,10:21,10:07,4,0,0,1,1
11,10:14,10:00,10:14,10:21,3,1,1,0,2
12,10:14,10:21,10:00,10:28,4,0,1,1,1
13,10:07,10:21,10:21,10:21,2,2,0,0,3
14,10:07,10:14,10:28,10:14,3,1,0,1,2
15,10:07,10:28,10:14,10:00,4,0,1,1,1
16,10:00,10:28,10:28,10:21,3,1,1,2,2
17,10:00,10:21,10:07,10:14,4,0,1,0,1
18,10:00,10:14,10:21,10:28,4,0,1,1,1
