source,n,path,valid,minimum_distinct_slots,total_spread,max_same_slot_appearances,four_player_rounds_min,four_player_rounds_max,average_hogging,earliest_player_average_minutes,latest_player_average_minutes,error
historical_saved,18,sol_1/run_10_n18_sol.csv,True,2,66,3,2,3,0.3333333333333333,8.75,21.0,
historical_saved,18,sol_1/run_11_n18_sol.csv,True,2,66,3,2,3,0.3333333333333333,8.75,19.25,
historical_saved,18,sol_1/run_12_n18_sol.csv,True,2,66,3,2,3,0.3333333333333333,10.5,19.25,
historical_saved,18,sol_1/run_13_n18_sol.csv,True,2,66,3,2,3,0.3333333333333333,10.5,22.75,
historical_saved,18,sol_1/run_14_n18_sol.csv,True,2,66,3,2,3,0.3333333333333333,8.75,21.0,
historical_saved,18,sol_1/run_15_n18_sol.csv,True,2,66,3,2,3,0.3333333333333333,10.5,21.0,
historical_saved,18,sol_1/run_16_n18_sol.csv,True,2,66,3,2,3,0.3333333333333333,10.5,19.25,
historical_saved,18,sol_1/run_17_n18_sol.csv,True,2,66,3,2,3,0.3333333333333333,10.5,21.0,
historical_saved,18,sol_1/run_18_n18_sol.csv,True,2,66,3,2,3,0.3333333333333333,8.75,19.25,
historical_saved,18,sol_1/run_19_n18_sol.csv,True,2,66,3,2,3,0.3333333333333333,10.5,19.25,
historical_saved,17,sol_1/run_1_n17_sol.csv,True,2,64,2,1,2,0.29411764705882354,10.5,19.25,
historical_saved,18,sol_1/run_1_n18_sol.csv,True,3,65,2,2,3,0.3472222222222222,10.5,19.25,
historical_saved,19,sol_1/run_1_n19_sol.csv,True,2,69,3,3,4,0.34210526315789475,10.5,19.25,
historical_saved,18,sol_1/run_20_n18_sol.csv,True,2,66,3,2,3,0.3333333333333333,8.75,21.0,
historical_saved,18,sol_1/run_21_n18_sol.csv,True,2,66,3,2,3,0.3333333333333333,10.5,19.25,
historical_saved,18,sol_1/run_22_n18_sol.csv,True,2,64,3,2,3,0.3611111111111111,8.75,21.0,
historical_saved,18,sol_1/run_23_n18_sol.csv,True,2,66,3,2,3,0.3333333333333333,10.5,21.0,
historical_saved,18,sol_1/run_24_n18_sol.csv,True,2,66,3,2,3,0.3333333333333333,10.5,21.0,
historical_saved,18,sol_1/run_25_n18_sol.csv,True,2,66,3,2,3,0.3333333333333333,10.5,22.75,
historical_saved,18,sol_1/run_26_n18_sol.csv,True,2,66,3,2,3,0.3333333333333333,8.75,22.75,
historical_saved,18,sol_1/run_27_n18_sol.csv,True,2,66,3,2,3,0.3333333333333333,10.5,22.75,
historical_saved,18,sol_1/run_28_n18_sol.csv,True,2,66,3,2,3,0.3333333333333333,8.75,22.75,
historical_saved,18,sol_1/run_29_n18_sol.csv,True,2,66,3,2,3,0.3333333333333333,10.5,22.75,
historical_saved,18,sol_1/run_2_n18_sol.csv,True,3,65,2,2,3,0.3472222222222222,10.5,21.0,
historical_saved,18,sol_1/run_30_n18_sol.csv,True,2,66,3,2,3,0.3333333333333333,10.5,19.25,
historical_saved,18,sol_1/run_31_n18_sol.csv,True,2,66,3,2,3,0.3333333333333333,8.75,19.25,
historical_saved,18,sol_1/run_3_n18_sol.csv,True,2,66,3,2,3,0.3333333333333333,10.5,22.75,
historical_saved,18,sol_1/run_4_n18_sol.csv,True,2,66,3,2,3,0.3333333333333333,8.75,22.75,
historical_saved,18,sol_1/run_66_n18_sol.csv,True,2,66,3,2,3,0.3333333333333333,8.75,22.75,
historical_saved,18,sol_1/run_67_n18_sol.csv,True,2,66,3,2,3,0.3333333333333333,10.5,21.0,
historical_saved,18,sol_1/run_9_n18_sol.csv,True,2,66,3,2,3,0.3333333333333333,8.75,21.0,
historical_saved,18,solution_n18_sol_20251120_052000.csv,True,2,66,3,2,3,0.3333333333333333,8.75,21.0,
historical_saved,18,solution_n18_sol_60m.csv,True,2,66,3,2,3,0.3333333333333333,8.75,22.75,
historical_saved,18,solutions/opt_solution_n18_sol.csv,True,2,66,3,2,3,0.3333333333333333,10.5,19.25,
historical_saved,19,solutions/opt_solution_n19_sol.csv,True,2,69,3,3,4,0.34210526315789475,8.75,24.5,
historical_saved,17,solutions/solution_n17_sol.csv,True,2,64,2,1,2,0.29411764705882354,10.5,19.25,
historical_saved,17,solutions/solution_n17_sol_tour.csv,True,2,49,2,1,2,0.47058823529411764,7.0,21.0,
historical_saved,18,solutions/solution_n18_sol.csv,True,2,66,3,2,3,0.3333333333333333,10.5,19.25,
historical_saved,19,solutions/solution_n19_sol.csv,True,2,69,3,3,4,0.34210526315789475,8.75,24.5,
historical_saved,17,solutions/v2_n17_sol.csv,True,2,64,2,1,2,0.29411764705882354,10.5,19.25,
new_sweep,17,runs/n15_to24_fair_sweep_20261002/n17/solution_n17_sol.csv,True,3,63,2,1,2,0.3235294117647059,10.5,19.25,
new_sweep,18,runs/n15_to24_fair_sweep_20261002/n18/solution_n18_sol.csv,True,3,65,2,2,3,0.3472222222222222,10.5,21.0,
new_sweep,19,runs/n15_to24_fair_sweep_20261002/n19/solution_n19_sol.csv,True,3,68,2,3,4,0.35526315789473684,8.75,21.0,
